0.000000,-1234.000000,-1234.000000,-1234.000000,-1234.000000,-1234.000000
1.000000,0.436818,0.448636,0.449716,0.439432,0.436364
2.000000,0.437273,0.446364,0.451307,0.439735,0.445455
3.000000,0.439545,0.445000,0.453011,0.440644,0.454545
4.000000,0.442273,0.443182,0.454034,0.441856,0.445455
5.000000,0.446364,0.442273,0.454148,0.442841,0.450000
6.000000,0.448182,0.442500,0.453580,0.443674,0.445455
7.000000,0.448182,0.442727,0.452727,0.444659,0.445455
8.000000,0.444545,0.442045,0.451136,0.445341,0.436364
9.000000,0.443182,0.442727,0.449432,0.446098,0.438636
10.000000,0.440455,0.443409,0.447614,0.446856,0.436364
11.000000,0.437273,0.442727,0.445682,0.447386,0.429545
12.000000,0.435000,0.441591,0.443977,0.448068,0.434091
13.000000,0.434545,0.439545,0.442273,0.448523,0.434091
14.000000,0.432273,0.437727,0.440455,0.448598,0.427273
15.000000,0.431818,0.436136,0.439205,0.448144,0.434091
16.000000,0.432955,0.435114,0.438807,0.447424,0.435227
17.000000,0.433864,0.434432,0.438580,0.446629,0.438636
18.000000,0.435682,0.435114,0.438580,0.445795,0.443182
19.000000,0.438864,0.435568,0.439148,0.444811,0.443182
20.000000,0.440682,0.436250,0.439830,0.443826,0.443182
21.000000,0.444545,0.438750,0.440739,0.443371,0.454545
22.000000,0.448182,0.441023,0.441307,0.442992,0.456818
23.000000,0.450455,0.443068,0.441307,0.442538,0.454545
24.000000,0.452727,0.445795,0.441761,0.442235,0.454545
25.000000,0.456818,0.448750,0.442443,0.442386,0.463636
26.000000,0.458636,0.451591,0.443352,0.443068,0.463636
27.000000,0.463636,0.455909,0.445170,0.444356,0.481818
28.000000,0.470909,0.460682,0.447898,0.445947,0.490909
29.000000,0.479091,0.465909,0.450739,0.448068,0.495455
30.000000,0.485909,0.471364,0.453807,0.450341,0.497727
31.000000,0.493636,0.476136,0.457443,0.452538,0.502273
32.000000,0.498182,0.480909,0.460966,0.454508,0.504545
33.000000,0.502273,0.486591,0.464830,0.456402,0.511364
34.000000,0.505455,0.492273,0.469034,0.458598,0.511364
35.000000,0.508182,0.497045,0.472898,0.460644,0.511364
36.000000,0.510000,0.501818,0.476705,0.462841,0.511364
37.000000,0.511364,0.504773,0.480341,0.465038,0.511364
38.000000,0.511364,0.506818,0.483750,0.467538,0.511364
39.000000,0.513636,0.509545,0.487727,0.470341,0.522727
40.000000,0.515909,0.512045,0.491705,0.473220,0.522727
41.000000,0.518636,0.514318,0.495227,0.476402,0.525000
42.000000,0.522273,0.516818,0.498864,0.479583,0.529545
43.000000,0.526364,0.518864,0.502727,0.482841,0.531818
44.000000,0.527273,0.520455,0.506364,0.486174,0.527273
45.000000,0.530000,0.522955,0.510000,0.489583,0.536364
46.000000,0.531364,0.525000,0.513409,0.492803,0.531818
47.000000,0.532727,0.527500,0.516136,0.496061,0.536364
48.000000,0.538636,0.532500,0.519659,0.500000,0.561364
49.000000,0.550455,0.538864,0.524205,0.504773,0.586364
50.000000,0.559545,0.544773,0.528409,0.509394,0.581818
51.000000,0.568636,0.550000,0.532159,0.513485,0.577273
52.000000,0.572727,0.552727,0.534773,0.516818,0.556818
53.000000,0.571818,0.555227,0.537045,0.520227,0.556818
54.000000,0.565455,0.557955,0.539205,0.523561,0.554545
55.000000,0.558636,0.559091,0.541023,0.526364,0.547727
56.000000,0.552727,0.560682,0.542841,0.529167,0.547727
57.000000,0.550909,0.561818,0.544659,0.531364,0.547727
58.000000,0.548636,0.560227,0.546364,0.533182,0.545455
59.000000,0.546818,0.556136,0.547500,0.534848,0.545455
60.000000,0.545455,0.552045,0.548409,0.536288,0.540909
61.000000,0.543636,0.548182,0.549091,0.537500,0.538636
62.000000,0.541818,0.546364,0.549545,0.538636,0.538636
63.000000,0.540000,0.544318,0.549773,0.539470,0.536364
64.000000,0.535909,0.541364,0.549659,0.539924,0.525000
65.000000,0.532727,0.539091,0.549091,0.540379,0.525000
66.000000,0.530000,0.536818,0.548750,0.540833,0.525000
67.000000,0.526364,0.534091,0.547955,0.541136,0.520455
68.000000,0.523182,0.531591,0.545909,0.541439,0.520455
69.000000,0.522273,0.529091,0.542614,0.541364,0.520455
70.000000,0.521364,0.527045,0.539545,0.541288,0.520455
71.000000,0.520455,0.525227,0.536705,0.541136,0.520455
72.000000,0.520455,0.523409,0.534886,0.540833,0.520455
73.000000,0.520455,0.521818,0.533068,0.540455,0.520455
74.000000,0.520455,0.521364,0.531364,0.540227,0.520455
75.000000,0.519545,0.520455,0.529773,0.539545,0.515909
76.000000,0.518636,0.519545,0.528182,0.539015,0.515909
77.000000,0.517273,0.518864,0.526477,0.538258,0.513636
78.000000,0.517273,0.518864,0.525227,0.536894,0.520455
79.000000,0.517273,0.518864,0.523977,0.534697,0.520455
80.000000,0.520000,0.519773,0.523409,0.532955,0.529545
81.000000,0.523182,0.520909,0.523068,0.531439,0.531818
82.000000,0.528182,0.522727,0.523068,0.530833,0.538636
83.000000,0.531818,0.524545,0.523182,0.530227,0.538636
84.000000,0.540455,0.528864,0.525114,0.530530,0.563636
85.000000,0.545455,0.532727,0.526591,0.530758,0.554545
86.000000,0.550455,0.536818,0.528182,0.531061,0.556818
87.000000,0.554091,0.541136,0.530000,0.531364,0.556818
88.000000,0.557727,0.544773,0.531818,0.531742,0.556818
89.000000,0.557727,0.549091,0.533977,0.532348,0.563636
90.000000,0.561364,0.553409,0.536591,0.533409,0.572727
91.000000,0.564545,0.557500,0.539205,0.534545,0.572727
92.000000,0.567727,0.560909,0.541818,0.535682,0.572727
93.000000,0.570909,0.564318,0.544432,0.536894,0.572727
94.000000,0.572727,0.565227,0.547045,0.538485,0.572727
95.000000,0.575000,0.568182,0.550455,0.540455,0.584091
96.000000,0.585455,0.575000,0.555909,0.543788,0.625000
97.000000,0.592727,0.580227,0.560682,0.546742,0.609091
98.000000,0.599545,0.585227,0.565000,0.549621,0.606818
99.000000,0.605000,0.588864,0.568977,0.552273,0.600000
100.000000,0.607727,0.591364,0.572386,0.554848,0.597727
101.000000,0.602273,0.593864,0.575682,0.557424,0.597727
102.000000,0.600455,0.596591,0.578750,0.560076,0.600000
103.000000,0.599091,0.599318,0.581818,0.562727,0.600000
104.000000,0.599091,0.602045,0.583636,0.565379,0.600000
105.000000,0.599545,0.603636,0.585909,0.568182,0.600000
106.000000,0.600000,0.601136,0.588068,0.570985,0.600000
107.000000,0.599545,0.600000,0.590114,0.573788,0.597727
108.000000,0.599091,0.599091,0.592159,0.576364,0.597727
109.000000,0.598182,0.598636,0.593750,0.578864,0.595455
110.000000,0.597273,0.598409,0.594886,0.581061,0.595455
111.000000,0.597273,0.598636,0.596250,0.583333,0.600000
112.000000,0.596818,0.598182,0.597386,0.585227,0.595455
113.000000,0.593636,0.596364,0.597841,0.586667,0.581818
114.000000,0.590909,0.594545,0.598295,0.587273,0.581818
115.000000,0.588182,0.592727,0.598182,0.588182,0.581818
116.000000,0.584545,0.590909,0.596023,0.589015,0.581818
117.000000,0.581818,0.589318,0.594659,0.589848,0.581818
118.000000,0.585000,0.589318,0.594205,0.591212,0.597727
119.000000,0.588636,0.589773,0.594205,0.592424,0.600000
120.000000,0.593636,0.590909,0.594659,0.593561,0.606818
121.000000,0.600000,0.592273,0.595455,0.594924,0.613636
122.000000,0.614091,0.597955,0.598068,0.597576,0.652273
123.000000,0.625455,0.605227,0.600795,0.600303,0.654545
124.000000,0.636364,0.612500,0.603523,0.603030,0.654545
125.000000,0.643636,0.618636,0.605682,0.605000,0.643182
126.000000,0.649091,0.624545,0.607727,0.605530,0.640909
127.000000,0.645455,0.629773,0.609545,0.606364,0.634091
128.000000,0.640909,0.633182,0.611250,0.607197,0.631818
129.000000,0.635455,0.635909,0.612841,0.608106,0.627273
130.000000,0.634091,0.638864,0.614886,0.609394,0.636364
131.000000,0.633182,0.641136,0.616705,0.610682,0.636364
132.000000,0.633636,0.639545,0.618750,0.611894,0.636364
133.000000,0.634545,0.637727,0.621477,0.613106,0.636364
134.000000,0.635455,0.635455,0.623977,0.614167,0.631818
135.000000,0.634091,0.634091,0.626364,0.615152,0.629545
136.000000,0.632727,0.632955,0.628750,0.616136,0.629545
137.000000,0.631364,0.632500,0.631136,0.617197,0.629545
138.000000,0.630000,0.632273,0.632727,0.618258,0.629545
139.000000,0.629545,0.632500,0.634205,0.619394,0.629545
140.000000,0.634091,0.634091,0.636477,0.621288,0.652273
141.000000,0.639091,0.635909,0.638523,0.623106,0.654545
142.000000,0.641364,0.636364,0.637955,0.624621,0.640909
143.000000,0.643636,0.636818,0.637273,0.626591,0.640909
144.000000,0.645909,0.637727,0.636591,0.628561,0.640909
145.000000,0.644091,0.639091,0.636591,0.630606,0.643182
146.000000,0.640000,0.639545,0.636250,0.632348,0.634091
147.000000,0.637273,0.639318,0.635909,0.633864,0.627273
148.000000,0.634545,0.639091,0.635682,0.634848,0.627273
149.000000,0.631364,0.638636,0.635568,0.635682,0.625000
150.000000,0.623182,0.633636,0.633864,0.635530,0.602273
151.000000,0.610909,0.625455,0.630682,0.634167,0.572727
152.000000,0.600000,0.618636,0.627500,0.631515,0.572727
153.000000,0.584545,0.609545,0.623182,0.628030,0.550000
154.000000,0.568636,0.600000,0.618864,0.624394,0.545455
155.000000,0.561818,0.592500,0.615795,0.621894,0.568182
156.000000,0.562727,0.586818,0.613182,0.619773,0.577273
157.000000,0.562727,0.581364,0.610341,0.617727,0.572727
158.000000,0.569091,0.576818,0.607955,0.616061,0.581818
159.000000,0.576364,0.572500,0.605568,0.614545,0.581818
160.000000,0.579091,0.570455,0.602045,0.612727,0.581818
161.000000,0.574545,0.568636,0.597045,0.610000,0.554545
162.000000,0.565455,0.564091,0.591364,0.606364,0.527273
163.000000,0.549091,0.559091,0.584318,0.601818,0.500000
164.000000,0.530909,0.553636,0.576818,0.597121,0.490909
165.000000,0.505909,0.542500,0.567500,0.591364,0.456818
166.000000,0.493182,0.533864,0.560341,0.586742,0.490909
167.000000,0.486364,0.525909,0.553636,0.582197,0.493182
168.000000,0.485000,0.517045,0.546932,0.577652,0.493182
169.000000,0.485455,0.508182,0.540341,0.573106,0.493182
170.000000,0.492273,0.499091,0.534773,0.567727,0.490909
171.000000,0.492273,0.492727,0.530682,0.562273,0.490909
172.000000,0.491818,0.489091,0.526591,0.557273,0.490909
173.000000,0.491364,0.488182,0.523636,0.552273,0.490909
174.000000,0.490909,0.488182,0.520909,0.547273,0.490909
175.000000,0.490455,0.491364,0.516932,0.542121,0.488636
176.000000,0.488636,0.490455,0.512159,0.537045,0.481818
177.000000,0.486364,0.489091,0.507500,0.532121,0.479545
178.000000,0.484091,0.487727,0.502386,0.527197,0.479545
179.000000,0.481818,0.486364,0.497273,0.522348,0.479545
180.000000,0.481364,0.485909,0.492500,0.518485,0.486364
181.000000,0.482273,0.485455,0.489091,0.515606,0.486364
182.000000,0.483636,0.485000,0.487045,0.512727,0.486364
183.000000,0.485000,0.484545,0.486364,0.510606,0.486364
184.000000,0.490909,0.486364,0.487273,0.509394,0.509091
185.000000,0.499545,0.490455,0.490909,0.508106,0.529545
186.000000,0.513182,0.497727,0.494091,0.507348,0.554545
187.000000,0.526364,0.505000,0.497045,0.506667,0.552273
188.000000,0.539545,0.512273,0.500000,0.505682,0.552273
189.000000,0.546818,0.518864,0.502614,0.504470,0.545455
190.000000,0.549545,0.524545,0.505227,0.503182,0.543182
191.000000,0.546364,0.529773,0.507614,0.502652,0.538636
192.000000,0.545909,0.536136,0.510568,0.503409,0.550000
193.000000,0.546364,0.542955,0.513750,0.505227,0.554545
194.000000,0.548182,0.547500,0.516932,0.507348,0.554545
195.000000,0.550455,0.550000,0.520227,0.510606,0.554545
196.000000,0.553636,0.550000,0.523864,0.512727,0.554545
197.000000,0.554545,0.550227,0.527614,0.514773,0.554545
198.000000,0.554545,0.550455,0.531364,0.516818,0.554545
199.000000,0.554545,0.551364,0.535114,0.518864,0.554545
200.000000,0.554545,0.552500,0.538523,0.520985,0.554545
201.000000,0.554545,0.554091,0.541932,0.523106,0.554545
202.000000,0.552727,0.553636,0.544886,0.524924,0.545455
203.000000,0.550909,0.552727,0.547841,0.526742,0.545455
204.000000,0.549545,0.552045,0.549773,0.528636,0.547727
205.000000,0.548182,0.551364,0.550682,0.530606,0.547727
206.000000,0.548182,0.551364,0.550682,0.533030,0.554545
207.000000,0.550000,0.551364,0.550795,0.535530,0.554545
208.000000,0.552727,0.551818,0.551136,0.538182,0.559091
209.000000,0.554091,0.551818,0.551591,0.540682,0.554545
210.000000,0.555455,0.551818,0.552159,0.542955,0.554545
211.000000,0.554545,0.551364,0.552727,0.545076,0.550000
212.000000,0.553636,0.551818,0.552727,0.547197,0.550000
213.000000,0.550909,0.551818,0.552273,0.549167,0.545455
214.000000,0.545455,0.549773,0.550909,0.549773,0.527273
215.000000,0.540000,0.547727,0.549545,0.549697,0.527273
216.000000,0.535455,0.545000,0.548182,0.548788,0.527273
217.000000,0.529091,0.541364,0.546364,0.547652,0.518182
218.000000,0.523636,0.537273,0.544545,0.546515,0.518182
219.000000,0.521818,0.533636,0.542727,0.545606,0.518182
220.000000,0.521364,0.530682,0.541250,0.545000,0.525000
221.000000,0.520909,0.528182,0.539773,0.544545,0.525000
222.000000,0.523182,0.526136,0.538977,0.543864,0.529545
223.000000,0.525455,0.524545,0.538182,0.543030,0.529545
224.000000,0.529091,0.525455,0.537614,0.542424,0.536364
225.000000,0.530909,0.526136,0.536932,0.541742,0.534091
226.000000,0.532727,0.526818,0.535909,0.541061,0.534091
227.000000,0.545909,0.534545,0.537955,0.542424,0.595455
228.000000,0.556818,0.541136,0.539205,0.543409,0.584091
229.000000,0.565000,0.547045,0.540341,0.544167,0.577273
230.000000,0.570909,0.550909,0.540795,0.544470,0.563636
231.000000,0.575909,0.554318,0.541250,0.544621,0.559091
232.000000,0.566818,0.556364,0.541250,0.544773,0.550000
233.000000,0.560455,0.558636,0.541591,0.545000,0.552273
234.000000,0.555455,0.560227,0.542841,0.545152,0.552273
235.000000,0.553182,0.562045,0.544091,0.545303,0.552273
236.000000,0.551818,0.563864,0.545341,0.545227,0.552273
237.000000,0.552273,0.559545,0.547045,0.545152,0.552273
238.000000,0.549091,0.554773,0.547955,0.544394,0.536364
239.000000,0.547727,0.551591,0.549318,0.544091,0.545455
240.000000,0.545455,0.549318,0.550114,0.543636,0.540909
241.000000,0.544091,0.547955,0.551136,0.543485,0.545455
242.000000,0.542727,0.547500,0.551932,0.543333,0.545455
243.000000,0.544545,0.546818,0.552727,0.543333,0.545455
244.000000,0.544545,0.546136,0.553182,0.543939,0.545455
245.000000,0.544545,0.545000,0.553523,0.544394,0.540909
246.000000,0.542727,0.543409,0.553636,0.544697,0.536364
247.000000,0.539091,0.540909,0.550227,0.545000,0.527273
248.000000,0.535455,0.540000,0.547386,0.545303,0.527273
249.000000,0.531818,0.538182,0.544886,0.545606,0.527273
250.000000,0.529091,0.536818,0.543068,0.545682,0.527273
251.000000,0.527273,0.535000,0.541477,0.545758,0.527273
252.000000,0.525455,0.532273,0.539886,0.545379,0.518182
253.000000,0.525455,0.530455,0.538636,0.545303,0.527273
254.000000,0.525455,0.528636,0.537386,0.545000,0.527273
255.000000,0.526364,0.527727,0.536364,0.544924,0.531818
256.000000,0.526818,0.527045,0.535227,0.544773,0.529545
257.000000,0.530000,0.527727,0.534318,0.542727,0.534091
258.000000,0.530000,0.527727,0.533864,0.540833,0.527273
259.000000,0.527727,0.526591,0.532386,0.538788,0.515909
260.000000,0.524545,0.525455,0.531136,0.537197,0.515909
261.000000,0.521364,0.524091,0.529545,0.535682,0.513636
262.000000,0.517727,0.523864,0.528068,0.534545,0.515909
263.000000,0.515909,0.522955,0.526705,0.533409,0.518182
264.000000,0.522273,0.525000,0.526818,0.533258,0.547727
265.000000,0.528636,0.526591,0.527159,0.533106,0.547727
266.000000,0.535455,0.528409,0.527727,0.532955,0.547727
267.000000,0.552727,0.535227,0.531477,0.534621,0.602273
268.000000,0.585455,0.550682,0.539205,0.539470,0.681818
269.000000,0.615000,0.568636,0.547614,0.544470,0.695455
270.000000,0.643636,0.586136,0.555795,0.549470,0.690909
271.000000,0.669091,0.602273,0.563182,0.553788,0.675000
272.000000,0.681364,0.617045,0.570455,0.557727,0.663636
273.000000,0.674091,0.629773,0.576364,0.561061,0.645455
274.000000,0.665909,0.640455,0.582727,0.564697,0.654545
275.000000,0.659545,0.651591,0.589091,0.568636,0.659091
276.000000,0.661364,0.665227,0.596818,0.573561,0.684091
277.000000,0.664091,0.672727,0.603977,0.578561,0.677273
278.000000,0.668636,0.671364,0.611023,0.583258,0.668182
279.000000,0.676364,0.671136,0.619886,0.588788,0.693182
280.000000,0.684318,0.671932,0.629034,0.594508,0.698864
281.000000,0.695227,0.678295,0.640284,0.601553,0.738636
282.000000,0.710227,0.687159,0.652102,0.609356,0.752273
283.000000,0.726136,0.697386,0.663580,0.616705,0.747727
284.000000,0.737045,0.706705,0.673580,0.624053,0.747727
285.000000,0.744091,0.714205,0.682898,0.630795,0.734091
286.000000,0.739091,0.717159,0.691193,0.636932,0.713636
287.000000,0.737273,0.723750,0.698239,0.643902,0.743182
288.000000,0.734545,0.730341,0.700852,0.650795,0.734091
289.000000,0.731364,0.734205,0.702670,0.657992,0.731818
290.000000,0.730909,0.737500,0.704716,0.665189,0.731818
291.000000,0.735909,0.737500,0.707898,0.672689,0.738636
292.000000,0.735000,0.736136,0.711648,0.680114,0.738636
293.000000,0.737273,0.735909,0.716648,0.687689,0.745455
294.000000,0.740455,0.735909,0.721307,0.694356,0.747727
295.000000,0.754091,0.742500,0.728352,0.702765,0.800000
296.000000,0.760000,0.747955,0.732557,0.710114,0.768182
297.000000,0.767727,0.751364,0.737557,0.715947,0.777273
298.000000,0.772273,0.754773,0.742557,0.718826,0.768182
299.000000,0.781364,0.760909,0.747557,0.722083,0.793182
300.000000,0.780682,0.767386,0.752443,0.725606,0.796591
301.000000,0.786364,0.773182,0.755341,0.729659,0.796591
302.000000,0.786364,0.777045,0.756591,0.733447,0.777273
303.000000,0.788182,0.780227,0.758068,0.737841,0.777273
304.000000,0.785909,0.783636,0.759773,0.742083,0.781818
305.000000,0.782500,0.781591,0.762045,0.746098,0.779545
306.000000,0.779091,0.782727,0.765341,0.749280,0.779545
307.000000,0.778636,0.782500,0.766932,0.752538,0.775000
308.000000,0.779091,0.783636,0.769205,0.756250,0.779545
309.000000,0.778182,0.782045,0.771477,0.759053,0.777273
310.000000,0.777727,0.780114,0.773750,0.761667,0.777273
311.000000,0.777273,0.778182,0.775682,0.762955,0.777273
312.000000,0.775909,0.777273,0.777159,0.763485,0.768182
313.000000,0.772273,0.775682,0.777955,0.763939,0.761364
314.000000,0.770000,0.774091,0.778864,0.764545,0.765909
315.000000,0.767273,0.772500,0.777045,0.765530,0.763636
316.000000,0.764091,0.770682,0.776705,0.767121,0.761364
317.000000,0.762273,0.769091,0.775795,0.767652,0.759091
318.000000,0.760000,0.766136,0.774886,0.768182,0.750000
319.000000,0.753182,0.761591,0.771818,0.768182,0.731818
320.000000,0.748636,0.757955,0.769034,0.768485,0.740909
321.000000,0.743636,0.753864,0.766023,0.768409,0.736364
322.000000,0.739091,0.750682,0.763977,0.768333,0.736364
323.000000,0.736364,0.748182,0.761932,0.768030,0.736364
324.000000,0.737273,0.745227,0.759659,0.767652,0.736364
325.000000,0.736364,0.742500,0.757500,0.765530,0.736364
326.000000,0.735909,0.739773,0.755227,0.764394,0.734091
327.000000,0.737727,0.738409,0.753750,0.763333,0.745455
328.000000,0.739545,0.737955,0.752045,0.762576,0.745455
329.000000,0.742273,0.739773,0.750682,0.761136,0.750000
330.000000,0.745909,0.741136,0.749545,0.759735,0.754545
331.000000,0.749091,0.742500,0.748182,0.758182,0.750000
332.000000,0.749091,0.743409,0.747045,0.757121,0.745455
333.000000,0.749091,0.744318,0.746250,0.756061,0.745455
334.000000,0.747727,0.745000,0.745114,0.754773,0.743182
335.000000,0.745455,0.745682,0.744091,0.753561,0.743182
336.000000,0.744091,0.746591,0.743182,0.752348,0.743182
337.000000,0.742727,0.745909,0.742159,0.751136,0.738636
338.000000,0.747727,0.748409,0.743182,0.750833,0.770455
339.000000,0.752273,0.750000,0.744886,0.750455,0.765909
340.000000,0.756818,0.751136,0.746136,0.750076,0.765909
341.000000,0.763182,0.753636,0.748068,0.750000,0.775000
342.000000,0.770000,0.756364,0.749886,0.750152,0.772727
343.000000,0.771364,0.759545,0.751932,0.750682,0.777273
344.000000,0.773636,0.762955,0.753977,0.751061,0.777273
345.000000,0.776818,0.766818,0.756250,0.751667,0.781818
346.000000,0.778182,0.770682,0.758636,0.752348,0.781818
347.000000,0.781818,0.775909,0.760909,0.753409,0.790909
348.000000,0.795909,0.783636,0.766023,0.756667,0.847727
349.000000,0.810000,0.791818,0.770909,0.760530,0.847727
350.000000,0.824545,0.800682,0.775909,0.764318,0.854545
351.000000,0.848636,0.813409,0.783523,0.769848,0.902273
352.000000,0.870091,0.825955,0.791159,0.775242,0.898182
353.000000,0.881909,0.838909,0.799227,0.780924,0.906818
354.000000,0.901909,0.855955,0.809455,0.787970,0.947727
355.000000,0.926000,0.875273,0.821045,0.795924,0.975000
356.000000,0.941455,0.895045,0.832864,0.804106,0.979545
357.000000,0.959091,0.914591,0.845250,0.812136,0.986364
358.000000,0.972273,0.927091,0.855364,0.819712,0.972727
359.000000,0.973864,0.937886,0.864852,0.826568,0.955682
360.000000,0.970682,0.948341,0.874511,0.833386,0.959091
361.000000,0.963864,0.952659,0.883034,0.839902,0.945455
362.000000,0.953864,0.956477,0.891216,0.846265,0.936364
363.000000,0.942045,0.957159,0.898034,0.851871,0.913636
364.000000,0.935000,0.954432,0.905193,0.857780,0.920455
365.000000,0.928182,0.949432,0.912352,0.863841,0.925000
366.000000,0.924091,0.943977,0.919511,0.869902,0.925000
367.000000,0.921364,0.937614,0.926102,0.876038,0.922727
368.000000,0.920455,0.931250,0.929170,0.880659,0.909091
369.000000,0.915455,0.925227,0.931557,0.884977,0.895455
370.000000,0.912273,0.920227,0.934284,0.889750,0.909091
371.000000,0.905455,0.914773,0.933716,0.893614,0.890909
372.000000,0.899091,0.910227,0.933352,0.897553,0.890909
373.000000,0.895455,0.907955,0.932557,0.901341,0.890909
374.000000,0.894091,0.904773,0.929602,0.905053,0.888636
375.000000,0.890000,0.901136,0.925284,0.908614,0.888636
376.000000,0.889545,0.897500,0.920739,0.912174,0.888636
377.000000,0.895909,0.897500,0.917557,0.916568,0.922727
378.000000,0.908636,0.902045,0.916648,0.920129,0.954545
379.000000,0.921364,0.907727,0.916477,0.923614,0.952273
380.000000,0.927727,0.908864,0.914545,0.925811,0.920455
381.000000,0.934091,0.911818,0.913295,0.926417,0.920455
382.000000,0.933182,0.914545,0.912386,0.927083,0.918182
383.000000,0.926364,0.917500,0.912727,0.927538,0.920455
384.000000,0.919545,0.920455,0.912614,0.926553,0.918182
385.000000,0.915455,0.921591,0.911364,0.924053,0.900000
386.000000,0.911818,0.922955,0.910227,0.921477,0.902273
387.000000,0.908636,0.920909,0.909205,0.918674,0.902273
388.000000,0.905000,0.915682,0.908864,0.916326,0.902273
389.000000,0.900000,0.909773,0.908750,0.914242,0.893182
390.000000,0.898182,0.906818,0.907841,0.911970,0.890909
391.000000,0.894091,0.902955,0.907386,0.909848,0.881818
392.000000,0.890000,0.899318,0.906932,0.908030,0.881818
393.000000,0.885909,0.895455,0.906477,0.906970,0.881818
394.000000,0.881818,0.890909,0.905682,0.905379,0.872727
395.000000,0.876364,0.887273,0.904432,0.903333,0.863636
396.000000,0.872727,0.883409,0.903182,0.901288,0.863636
397.000000,0.869091,0.879545,0.900227,0.899318,0.863636
398.000000,0.865455,0.875682,0.895682,0.897803,0.863636
399.000000,0.870909,0.876364,0.893068,0.897955,0.900000
400.000000,0.880000,0.878182,0.892500,0.897955,0.909091
401.000000,0.887273,0.880000,0.891477,0.898258,0.900000
402.000000,0.893636,0.881364,0.890341,0.898409,0.895455
403.000000,0.900455,0.882955,0.889205,0.898636,0.897727
404.000000,0.899545,0.885227,0.888068,0.898864,0.895455
405.000000,0.893182,0.886591,0.886932,0.898485,0.877273
406.000000,0.886818,0.887045,0.885227,0.897803,0.868182
407.000000,0.881818,0.887727,0.883636,0.896061,0.870455
408.000000,0.877273,0.888864,0.882273,0.893409,0.875000
409.000000,0.873182,0.886364,0.881364,0.890833,0.875000
410.000000,0.876818,0.885000,0.881591,0.890000,0.895455
411.000000,0.884091,0.885455,0.882727,0.889470,0.904545
412.000000,0.890909,0.886364,0.883864,0.889015,0.904545
413.000000,0.895909,0.886591,0.884773,0.888333,0.900000
414.000000,0.900909,0.887045,0.886136,0.887727,0.900000
415.000000,0.907273,0.892045,0.889318,0.888636,0.927273
416.000000,0.915455,0.899773,0.893409,0.890076,0.945455
417.000000,0.926364,0.908636,0.898182,0.891970,0.959091
418.000000,0.934545,0.915227,0.902045,0.893258,0.940909
419.000000,0.938182,0.919545,0.902955,0.894091,0.918182
420.000000,0.934091,0.920682,0.902841,0.894621,0.906818
421.000000,0.925909,0.920682,0.903068,0.895379,0.904545
422.000000,0.912273,0.919318,0.902841,0.895682,0.890909
423.000000,0.899545,0.917045,0.901818,0.895530,0.877273
424.000000,0.890000,0.914091,0.900568,0.895455,0.870455
425.000000,0.885000,0.909545,0.900795,0.896061,0.881818
426.000000,0.879545,0.902727,0.901250,0.896515,0.877273
427.000000,0.871364,0.891818,0.900227,0.896061,0.850000
428.000000,0.868182,0.883864,0.899545,0.895985,0.861364
429.000000,0.866364,0.878182,0.898864,0.894697,0.861364
430.000000,0.862727,0.873864,0.897273,0.893182,0.863636
431.000000,0.861364,0.870455,0.895568,0.892197,0.870455
432.000000,0.864091,0.867727,0.893523,0.891136,0.863636
433.000000,0.863636,0.865909,0.891477,0.889848,0.859091
434.000000,0.861364,0.863864,0.888977,0.888333,0.850000
435.000000,0.860455,0.861591,0.885568,0.887727,0.859091
436.000000,0.861818,0.861591,0.882159,0.888030,0.877273
437.000000,0.860909,0.862500,0.877159,0.887652,0.859091
438.000000,0.860909,0.862273,0.873068,0.887121,0.859091
439.000000,0.867273,0.864318,0.871250,0.887348,0.881818
440.000000,0.872273,0.866364,0.870114,0.886970,0.884091
441.000000,0.877273,0.869545,0.870000,0.886894,0.902273
442.000000,0.887273,0.874091,0.870909,0.887045,0.909091
443.000000,0.894545,0.877727,0.871818,0.886894,0.895455
444.000000,0.896818,0.882045,0.872955,0.886667,0.893182
445.000000,0.898182,0.885227,0.873409,0.885455,0.890909
446.000000,0.897727,0.887500,0.874545,0.883939,0.900000
447.000000,0.895000,0.891136,0.876818,0.881818,0.895455
448.000000,0.896364,0.895455,0.878864,0.880530,0.902273
449.000000,0.897727,0.897273,0.880795,0.879924,0.900000
450.000000,0.891364,0.894773,0.880568,0.878333,0.859091
451.000000,0.873636,0.885682,0.877614,0.875227,0.811364
452.000000,0.850909,0.872955,0.873523,0.871591,0.781818
453.000000,0.828636,0.862500,0.870114,0.868712,0.790909
454.000000,0.803182,0.850455,0.866250,0.865455,0.772727
455.000000,0.795000,0.843182,0.864205,0.863333,0.818182
456.000000,0.811818,0.842727,0.865114,0.863939,0.895455
457.000000,0.835455,0.843182,0.867159,0.865606,0.900000
458.000000,0.857273,0.842955,0.869205,0.866894,0.900000
459.000000,0.884545,0.843864,0.870568,0.868485,0.909091
460.000000,0.901818,0.848409,0.871591,0.869848,0.904545
461.000000,0.905909,0.858864,0.872273,0.871364,0.915909
462.000000,0.909091,0.872273,0.872614,0.873106,0.915909
463.000000,0.912727,0.885000,0.873750,0.875076,0.918182
464.000000,0.915909,0.900227,0.875341,0.877576,0.925000
465.000000,0.920000,0.910909,0.877045,0.879773,0.925000
466.000000,0.920455,0.913182,0.877955,0.881136,0.918182
467.000000,0.920909,0.915000,0.879091,0.883106,0.918182
468.000000,0.919091,0.915909,0.879432,0.884773,0.909091
469.000000,0.919545,0.917727,0.880795,0.886288,0.927273
470.000000,0.929091,0.924545,0.886477,0.889242,0.972727
471.000000,0.944091,0.932273,0.895568,0.892273,0.993182
472.000000,0.960455,0.940682,0.906477,0.895303,1.000000
473.000000,0.976818,0.947955,0.916477,0.898485,0.990909
474.000000,0.985455,0.952500,0.926364,0.901061,0.970455
475.000000,0.984091,0.956591,0.933750,0.903561,0.965909
476.000000,0.974545,0.959318,0.936250,0.905076,0.945455
477.000000,0.960000,0.960227,0.937614,0.906136,0.927273
478.000000,0.946818,0.961818,0.938864,0.906894,0.925000
479.000000,0.935000,0.960227,0.938977,0.907273,0.911364
480.000000,0.924091,0.954091,0.939318,0.909015,0.911364
481.000000,0.917273,0.945909,0.939091,0.912348,0.911364
482.000000,0.913636,0.936818,0.938750,0.916591,0.909091
483.000000,0.909091,0.927955,0.937955,0.920303,0.902273
484.000000,0.907273,0.921136,0.936818,0.924621,0.902273
485.000000,0.905000,0.914545,0.935568,0.927348,0.900000
486.000000,0.902273,0.909773,0.934545,0.927424,0.897727
487.000000,0.896364,0.905000,0.932614,0.926742,0.879545
488.000000,0.890909,0.900000,0.930909,0.925909,0.875000
489.000000,0.885000,0.896136,0.928182,0.924697,0.872727
490.000000,0.879545,0.892273,0.923182,0.923636,0.872727
491.000000,0.877955,0.890114,0.918011,0.922765,0.889773
492.000000,0.883409,0.889886,0.913352,0.922462,0.906818
493.000000,0.889318,0.890114,0.909034,0.922008,0.904545
494.000000,0.895682,0.890341,0.905739,0.921326,0.904545
495.000000,0.900227,0.889886,0.902216,0.920341,0.895455
496.000000,0.904091,0.891023,0.900398,0.920038,0.909091
497.000000,0.901364,0.892386,0.898693,0.919205,0.893182
498.000000,0.899318,0.894318,0.897159,0.918712,0.894318
499.000000,0.898864,0.897273,0.896705,0.917879,0.902273
500.000000,0.897500,0.898864,0.895568,0.915076,0.888636
501.000000,0.894318,0.899205,0.894659,0.911742,0.893182
502.000000,0.895227,0.898295,0.894091,0.908333,0.897727
503.000000,0.897273,0.898295,0.894205,0.905455,0.904545
504.000000,0.897273,0.898068,0.894205,0.903182,0.902273
505.000000,0.900000,0.898750,0.894318,0.901061,0.902273
506.000000,0.902273,0.898295,0.894659,0.899697,0.904545
507.000000,0.904545,0.899886,0.896136,0.899091,0.909091
508.000000,0.905455,0.901364,0.897841,0.898561,0.909091
509.000000,0.905455,0.901364,0.899318,0.898258,0.902273
510.000000,0.905909,0.902955,0.900909,0.898030,0.904545
511.000000,0.905909,0.904091,0.901648,0.897803,0.904545
512.000000,0.905000,0.904773,0.901534,0.897652,0.904545
513.000000,0.899545,0.902500,0.900398,0.896970,0.881818
514.000000,0.886818,0.896136,0.897102,0.894848,0.838636
515.000000,0.869091,0.887500,0.893125,0.892045,0.815909
516.000000,0.849091,0.877500,0.887898,0.888939,0.804545
517.000000,0.824091,0.864545,0.882216,0.885606,0.779545
518.000000,0.808182,0.853864,0.877614,0.883182,0.802273
519.000000,0.803182,0.845000,0.873182,0.881212,0.813636
520.000000,0.806818,0.837955,0.870455,0.879924,0.834091
521.000000,0.807727,0.828409,0.866250,0.877235,0.809091
522.000000,0.813636,0.818864,0.861818,0.873977,0.809091
523.000000,0.815909,0.812045,0.857273,0.870947,0.813636
524.000000,0.815909,0.809545,0.852841,0.867917,0.813636
525.000000,0.811818,0.809318,0.848409,0.865189,0.813636
526.000000,0.821818,0.814773,0.846136,0.863523,0.859091
527.000000,0.830455,0.822045,0.843295,0.862159,0.852273
528.000000,0.839091,0.827500,0.840682,0.860909,0.856818
529.000000,0.845455,0.830682,0.837841,0.859015,0.845455
530.000000,0.852273,0.832045,0.835000,0.857652,0.847727
531.000000,0.851364,0.836591,0.832500,0.856364,0.854545
532.000000,0.857273,0.843864,0.831364,0.855833,0.881818
533.000000,0.862273,0.850682,0.831364,0.855076,0.881818
534.000000,0.868636,0.857045,0.833295,0.854242,0.877273
535.000000,0.874091,0.863182,0.836250,0.853333,0.875000
536.000000,0.878182,0.864773,0.839773,0.852348,0.875000
537.000000,0.876818,0.867045,0.844545,0.851212,0.875000
538.000000,0.872273,0.867273,0.847386,0.849545,0.859091
539.000000,0.868636,0.868636,0.849659,0.848106,0.859091
540.000000,0.865455,0.869773,0.850909,0.846591,0.859091
541.000000,0.865000,0.871591,0.854091,0.845530,0.872727
542.000000,0.865909,0.871364,0.857614,0.844697,0.879545
543.000000,0.870000,0.871136,0.860909,0.844621,0.879545
544.000000,0.872273,0.870455,0.863750,0.845682,0.870455
545.000000,0.876364,0.870909,0.867045,0.847803,0.879545
546.000000,0.871818,0.868409,0.866591,0.849318,0.850000
547.000000,0.866818,0.866364,0.866705,0.851818,0.854545
548.000000,0.861818,0.865909,0.866591,0.853561,0.854545
549.000000,0.857727,0.865000,0.866818,0.854773,0.850000
550.000000,0.851818,0.864091,0.866932,0.855303,0.850000
551.000000,0.851364,0.861591,0.866591,0.856591,0.847727
552.000000,0.850000,0.858409,0.864886,0.857879,0.847727
553.000000,0.849091,0.855455,0.863295,0.859091,0.850000
554.000000,0.849091,0.853409,0.861932,0.860303,0.850000
555.000000,0.849091,0.850455,0.860682,0.861515,0.850000
556.000000,0.849545,0.850455,0.859432,0.861212,0.850000
557.000000,0.850000,0.850000,0.858182,0.861136,0.850000
558.000000,0.850000,0.849545,0.857727,0.860909,0.850000
559.000000,0.850000,0.849545,0.857273,0.861061,0.850000
560.000000,0.850000,0.849545,0.856818,0.861136,0.850000
561.000000,0.850000,0.849773,0.855682,0.860985,0.850000
562.000000,0.846818,0.848409,0.853409,0.859394,0.834091
563.000000,0.843636,0.846818,0.851136,0.857803,0.834091
564.000000,0.836818,0.843409,0.848409,0.855758,0.815909
565.000000,0.828182,0.839091,0.844773,0.853485,0.806818
566.000000,0.820909,0.835455,0.842955,0.851439,0.813636
567.000000,0.816818,0.831818,0.840909,0.849394,0.813636
568.000000,0.811818,0.827727,0.838636,0.847727,0.809091
569.000000,0.811364,0.824091,0.836818,0.846212,0.813636
570.000000,0.812727,0.820455,0.835000,0.844697,0.813636
571.000000,0.812273,0.816591,0.833182,0.842652,0.811364
572.000000,0.808636,0.812727,0.830568,0.839848,0.795455
573.000000,0.805909,0.808864,0.827841,0.837045,0.795455
574.000000,0.803182,0.807273,0.825341,0.834697,0.800000
575.000000,0.801364,0.807045,0.823068,0.832197,0.804545
576.000000,0.799091,0.805682,0.820568,0.830530,0.800000
577.000000,0.799545,0.804091,0.817955,0.828636,0.797727
578.000000,0.797727,0.801818,0.814773,0.826364,0.786364
579.000000,0.792727,0.797955,0.811023,0.823864,0.775000
580.000000,0.786818,0.794091,0.807273,0.821364,0.775000
581.000000,0.780909,0.790000,0.803295,0.818788,0.770455
582.000000,0.781364,0.790455,0.801591,0.817197,0.800000
583.000000,0.784545,0.791136,0.800000,0.815606,0.802273
584.000000,0.789545,0.791136,0.799205,0.813939,0.800000
585.000000,0.794545,0.790682,0.798864,0.812273,0.800000
586.000000,0.800455,0.790682,0.798182,0.810606,0.800000
587.000000,0.801364,0.791364,0.797727,0.809091,0.804545
588.000000,0.802727,0.793636,0.797727,0.807727,0.809091
589.000000,0.804545,0.797045,0.797500,0.806364,0.809091
590.000000,0.806364,0.800455,0.797273,0.805000,0.809091
591.000000,0.808182,0.804318,0.797159,0.803636,0.809091
592.000000,0.810909,0.806136,0.798295,0.803106,0.818182
593.000000,0.812727,0.807727,0.799432,0.802576,0.818182
594.000000,0.814545,0.809545,0.800341,0.802652,0.818182
595.000000,0.816364,0.811364,0.801023,0.803030,0.818182
596.000000,0.818636,0.813409,0.802045,0.803258,0.820455
597.000000,0.821818,0.816364,0.803864,0.803939,0.834091
598.000000,0.832727,0.822727,0.808182,0.806061,0.872727
599.000000,0.840909,0.827727,0.812386,0.807576,0.859091
600.000000,0.849091,0.832727,0.816591,0.809091,0.859091
601.000000,0.856818,0.837727,0.821023,0.810682,0.859091
602.000000,0.860909,0.841364,0.823750,0.812652,0.854545
603.000000,0.855455,0.844091,0.825909,0.814318,0.845455
604.000000,0.852727,0.846818,0.828182,0.815833,0.845455
605.000000,0.855000,0.852045,0.831705,0.818030,0.870455
606.000000,0.858182,0.857500,0.835455,0.820530,0.875000
607.000000,0.860455,0.860682,0.838523,0.822803,0.865909
608.000000,0.867273,0.861364,0.842045,0.825909,0.879545
609.000000,0.879091,0.865909,0.846818,0.830227,0.904545
610.000000,0.885000,0.870000,0.851364,0.834394,0.900000
611.000000,0.899773,0.878977,0.858352,0.840341,0.948864
612.000000,0.918409,0.889432,0.865398,0.845644,0.959091
613.000000,0.931591,0.899432,0.871761,0.850417,0.945455
614.000000,0.940000,0.909545,0.878182,0.855303,0.946591
615.000000,0.949545,0.917273,0.884659,0.860227,0.947727
616.000000,0.948864,0.924318,0.890909,0.865076,0.945455
617.000000,0.945682,0.932045,0.896364,0.869697,0.943182
618.000000,0.944318,0.937955,0.899659,0.874015,0.938636
619.000000,0.942273,0.941136,0.903523,0.878258,0.936364
620.000000,0.940909,0.945227,0.907614,0.882652,0.940909
621.000000,0.939091,0.943977,0.911477,0.886894,0.936364
622.000000,0.936818,0.941250,0.915341,0.890682,0.931818
623.000000,0.935455,0.939886,0.919659,0.894470,0.931818
624.000000,0.940227,0.941250,0.925398,0.899205,0.960227
625.000000,0.945000,0.942955,0.930114,0.904091,0.964773
626.000000,0.951136,0.945114,0.934716,0.908977,0.967045
627.000000,0.958182,0.947500,0.939773,0.913409,0.967045
628.000000,0.963864,0.949659,0.943807,0.916326,0.960227
629.000000,0.960682,0.950455,0.945795,0.919167,0.944318
630.000000,0.955682,0.950341,0.947784,0.921856,0.939773
631.000000,0.950682,0.950909,0.947443,0.924621,0.942045
632.000000,0.946818,0.952500,0.946875,0.927727,0.947727
633.000000,0.946591,0.955227,0.947557,0.931515,0.959091
634.000000,0.949545,0.955114,0.948182,0.935303,0.959091
635.000000,0.953409,0.954545,0.948750,0.938258,0.959091
636.000000,0.956818,0.953750,0.949432,0.941061,0.959091
637.000000,0.960909,0.953864,0.950682,0.944470,0.968182
638.000000,0.962273,0.954432,0.952045,0.947348,0.965909
639.000000,0.965455,0.957500,0.953977,0.949697,0.975000
640.000000,0.964545,0.958977,0.954659,0.951515,0.954545
641.000000,0.964091,0.960455,0.955682,0.951780,0.956818
642.000000,0.962727,0.961818,0.957159,0.951856,0.961364
643.000000,0.962273,0.962273,0.958750,0.952462,0.963636
644.000000,0.960455,0.962955,0.959034,0.953106,0.965909
645.000000,0.962727,0.963636,0.959091,0.953712,0.965909
646.000000,0.964091,0.964091,0.958920,0.954318,0.963636
647.000000,0.963182,0.962955,0.958409,0.954773,0.956818
648.000000,0.961818,0.962045,0.958239,0.955379,0.956818
649.000000,0.958636,0.959545,0.958523,0.955833,0.950000
650.000000,0.952727,0.957727,0.958352,0.955682,0.936364
651.000000,0.947273,0.955682,0.958068,0.955682,0.936364
652.000000,0.943182,0.953182,0.957500,0.955833,0.936364
653.000000,0.939091,0.950455,0.956364,0.955985,0.936364
654.000000,0.936364,0.947500,0.955227,0.955189,0.936364
655.000000,0.933182,0.942955,0.953295,0.953712,0.920455
656.000000,0.928409,0.937841,0.950966,0.951894,0.912500
657.000000,0.925227,0.934205,0.948580,0.950341,0.920455
658.000000,0.920682,0.929886,0.945966,0.948788,0.913636
659.000000,0.912500,0.924432,0.941989,0.947159,0.895455
660.000000,0.908864,0.921023,0.939375,0.945909,0.902273
661.000000,0.905455,0.916932,0.936307,0.944356,0.895455
662.000000,0.898636,0.911932,0.932557,0.942311,0.886364
663.000000,0.891818,0.906250,0.928352,0.939659,0.879545
664.000000,0.886364,0.899432,0.923466,0.936629,0.868182
665.000000,0.879545,0.894205,0.918580,0.933598,0.868182
666.000000,0.873864,0.889659,0.913750,0.930530,0.867045
667.000000,0.870000,0.884318,0.909261,0.927159,0.867045
668.000000,0.858182,0.875000,0.902443,0.922311,0.820455
669.000000,0.841818,0.864091,0.894261,0.916023,0.786364
670.000000,0.829091,0.854318,0.887670,0.911023,0.804545
671.000000,0.814773,0.844318,0.880625,0.905644,0.795455
672.000000,0.805455,0.837727,0.874830,0.900947,0.820455
673.000000,0.805455,0.831818,0.869034,0.896174,0.820455
674.000000,0.812045,0.826932,0.863182,0.891288,0.819318
675.000000,0.815000,0.822045,0.858125,0.886402,0.819318
676.000000,0.819091,0.816932,0.853295,0.881477,0.815909
677.000000,0.817727,0.811591,0.847955,0.876705,0.813636
678.000000,0.817727,0.811591,0.843295,0.872159,0.820455
679.000000,0.823864,0.817955,0.841023,0.868826,0.850000
680.000000,0.831364,0.823182,0.838750,0.866174,0.856818
681.000000,0.840000,0.829545,0.836932,0.863598,0.859091
682.000000,0.849091,0.833409,0.835568,0.861023,0.859091
683.000000,0.856818,0.837273,0.834545,0.858447,0.859091
684.000000,0.858636,0.841250,0.834091,0.855871,0.859091
685.000000,0.858864,0.845114,0.833580,0.853788,0.857955
686.000000,0.858636,0.849318,0.833125,0.851970,0.857955
687.000000,0.858409,0.853750,0.832670,0.849886,0.857955
688.000000,0.858182,0.857500,0.834545,0.848030,0.857955
689.000000,0.857955,0.858295,0.838125,0.846780,0.857955
690.000000,0.857955,0.858409,0.840795,0.845303,0.857955
691.000000,0.857955,0.858295,0.843920,0.844053,0.857955
692.000000,0.857955,0.858182,0.845795,0.843106,0.857955
693.000000,0.857955,0.858068,0.847670,0.842386,0.857955
694.000000,0.859318,0.858636,0.849943,0.842273,0.864773
695.000000,0.859545,0.858750,0.851932,0.841970,0.859091
696.000000,0.859773,0.858864,0.854091,0.841705,0.859091
697.000000,0.860000,0.858977,0.856364,0.841439,0.859091
698.000000,0.860227,0.859091,0.858295,0.842727,0.859091
699.000000,0.857045,0.858182,0.858239,0.844811,0.848864
700.000000,0.855000,0.857273,0.857841,0.846288,0.848864
701.000000,0.852273,0.856023,0.857159,0.847955,0.845455
702.000000,0.849545,0.854773,0.856477,0.848788,0.845455
703.000000,0.845682,0.852955,0.855511,0.849432,0.839773
704.000000,0.842273,0.849659,0.854148,0.849848,0.831818
705.000000,0.838864,0.846932,0.852841,0.850265,0.831818
706.000000,0.836136,0.844205,0.851534,0.850795,0.831818
707.000000,0.833409,0.841477,0.850227,0.851402,0.831818
708.000000,0.830000,0.837841,0.848466,0.851477,0.822727
709.000000,0.826364,0.834318,0.846250,0.850265,0.813636
710.000000,0.820909,0.829886,0.843580,0.848523,0.804545
711.000000,0.813182,0.824659,0.840341,0.846326,0.793182
712.000000,0.805455,0.819432,0.837102,0.844129,0.793182
713.000000,0.798636,0.814318,0.833636,0.841780,0.788636
714.000000,0.792273,0.809318,0.829489,0.839205,0.781818
715.000000,0.786818,0.803864,0.825398,0.836515,0.777273
716.000000,0.780000,0.796591,0.820398,0.833220,0.759091
717.000000,0.772273,0.788864,0.815170,0.829773,0.754545
718.000000,0.764091,0.781364,0.809602,0.826098,0.747727
719.000000,0.750909,0.771591,0.802955,0.821364,0.715909
720.000000,0.741364,0.764091,0.796989,0.817083,0.729545
721.000000,0.748636,0.764318,0.794489,0.815000,0.795455
722.000000,0.760909,0.766591,0.793011,0.813598,0.815909
723.000000,0.775909,0.770000,0.792159,0.812424,0.822727
724.000000,0.797273,0.774091,0.791705,0.811023,0.822727
725.000000,0.814545,0.777955,0.790909,0.809583,0.815909
726.000000,0.818636,0.783636,0.790114,0.808144,0.815909
727.000000,0.817273,0.789091,0.788977,0.806477,0.809091
728.000000,0.815000,0.795455,0.788409,0.804886,0.811364
729.000000,0.812727,0.805000,0.788295,0.803636,0.811364
730.000000,0.810000,0.812273,0.788182,0.802083,0.802273
731.000000,0.805909,0.812273,0.788295,0.800417,0.795455
732.000000,0.805000,0.811136,0.788864,0.799053,0.804545
733.000000,0.805455,0.810227,0.790114,0.798182,0.813636
734.000000,0.805682,0.809205,0.791648,0.797538,0.812500
735.000000,0.807727,0.808864,0.793409,0.796894,0.812500
736.000000,0.811136,0.808523,0.796080,0.796250,0.812500
737.000000,0.812500,0.808750,0.798920,0.795568,0.811364
738.000000,0.807045,0.806250,0.800852,0.794356,0.786364
739.000000,0.802273,0.803977,0.804489,0.793523,0.788636
740.000000,0.795227,0.801477,0.806875,0.792614,0.777273
741.000000,0.786818,0.798977,0.805625,0.791856,0.770455
742.000000,0.777273,0.794886,0.803011,0.790871,0.763636
743.000000,0.771364,0.789205,0.799716,0.789811,0.756818
744.000000,0.761364,0.781818,0.795511,0.788371,0.738636
745.000000,0.751364,0.773295,0.791080,0.786705,0.727273
746.000000,0.741364,0.764091,0.786307,0.785417,0.720455
747.000000,0.733182,0.755227,0.781989,0.784356,0.722727
748.000000,0.726364,0.748864,0.777557,0.783523,0.722727
749.000000,0.723182,0.742273,0.773125,0.783750,0.722727
750.000000,0.721818,0.736591,0.769034,0.783447,0.720455
751.000000,0.721364,0.731364,0.765170,0.780871,0.718182
752.000000,0.720455,0.726818,0.760852,0.777614,0.718182
753.000000,0.707273,0.716818,0.753011,0.772083,0.656818
754.000000,0.697500,0.710341,0.746080,0.767121,0.673864
755.000000,0.695682,0.708750,0.741023,0.763636,0.711364
756.000000,0.697045,0.709205,0.736648,0.760606,0.725000
757.000000,0.703409,0.711932,0.733580,0.758636,0.750000
758.000000,0.722955,0.715114,0.731989,0.756742,0.754545
759.000000,0.739091,0.718295,0.730284,0.754848,0.754545
760.000000,0.748182,0.721932,0.729261,0.753333,0.756818
761.000000,0.756364,0.726705,0.729034,0.752348,0.765909
762.000000,0.755455,0.729432,0.728125,0.750379,0.745455
763.000000,0.751364,0.737159,0.726989,0.747727,0.734091
764.000000,0.745455,0.742273,0.726307,0.744811,0.725000
765.000000,0.735909,0.742045,0.725398,0.741364,0.709091
766.000000,0.726818,0.741591,0.725398,0.738295,0.720455
767.000000,0.723182,0.739318,0.725625,0.735492,0.727273
768.000000,0.720455,0.735909,0.725511,0.733295,0.720455
769.000000,0.718182,0.731818,0.725057,0.730795,0.713636
770.000000,0.718636,0.727273,0.724602,0.728598,0.711364
771.000000,0.720455,0.723636,0.725170,0.727235,0.729545
772.000000,0.719091,0.721136,0.725284,0.725795,0.720455
773.000000,0.717727,0.719091,0.728125,0.724356,0.713636
774.000000,0.717727,0.717955,0.730114,0.723523,0.713636
775.000000,0.718182,0.718409,0.730227,0.723068,0.713636
776.000000,0.712273,0.716364,0.728977,0.722386,0.700000
777.000000,0.706818,0.712955,0.726136,0.721402,0.693182
778.000000,0.703182,0.710455,0.723182,0.720492,0.695455
779.000000,0.699545,0.708636,0.720227,0.719583,0.695455
780.000000,0.695909,0.707045,0.717159,0.718750,0.695455
781.000000,0.693182,0.702727,0.713182,0.717689,0.686364
782.000000,0.693182,0.700000,0.710568,0.716856,0.693182
783.000000,0.692727,0.697955,0.708523,0.718068,0.693182
784.000000,0.692273,0.695909,0.706932,0.718712,0.693182
785.000000,0.692727,0.694318,0.706364,0.718258,0.697727
786.000000,0.694091,0.693636,0.705000,0.717197,0.693182
787.000000,0.694091,0.693636,0.703295,0.715303,0.693182
788.000000,0.694091,0.693409,0.701932,0.713258,0.693182
789.000000,0.694545,0.693409,0.701023,0.711288,0.695455
790.000000,0.694091,0.693409,0.700227,0.709242,0.695455
791.000000,0.694545,0.694318,0.698523,0.706894,0.695455
792.000000,0.695000,0.694545,0.697273,0.705227,0.695455
793.000000,0.695455,0.694773,0.696364,0.703939,0.695455
794.000000,0.695000,0.694773,0.695341,0.702879,0.693182
795.000000,0.694545,0.694318,0.694318,0.702348,0.693182
796.000000,0.693636,0.694091,0.693864,0.701364,0.690909
797.000000,0.692727,0.693864,0.693750,0.700152,0.690909
798.000000,0.690909,0.693182,0.693295,0.699015,0.686364
799.000000,0.690000,0.692500,0.692955,0.698182,0.688636
800.000000,0.688182,0.691364,0.692386,0.697273,0.684091
801.000000,0.686364,0.690000,0.692159,0.695682,0.681818
802.000000,0.683182,0.687955,0.691250,0.694167,0.675000
803.000000,0.680909,0.685909,0.690341,0.692879,0.675000
804.000000,0.680455,0.685227,0.690000,0.691970,0.686364
805.000000,0.680000,0.684091,0.689205,0.690909,0.681818
806.000000,0.679091,0.682727,0.688409,0.690152,0.677273
807.000000,0.679545,0.681364,0.687614,0.689621,0.677273
808.000000,0.680455,0.680682,0.686932,0.689091,0.679545
809.000000,0.678636,0.679545,0.686023,0.688485,0.677273
810.000000,0.676364,0.678182,0.684773,0.687652,0.670455
811.000000,0.676364,0.677727,0.683864,0.687348,0.677273
812.000000,0.676364,0.677955,0.682955,0.686818,0.677273
813.000000,0.675909,0.678182,0.682045,0.686288,0.677273
814.000000,0.675455,0.677045,0.681136,0.685682,0.675000
815.000000,0.676364,0.676364,0.680227,0.684924,0.675000
816.000000,0.676364,0.676364,0.679545,0.684394,0.677273
817.000000,0.676364,0.676364,0.678864,0.683864,0.677273
818.000000,0.679091,0.677500,0.679091,0.683788,0.690909
819.000000,0.682273,0.678864,0.679205,0.683636,0.690909
820.000000,0.682727,0.679545,0.678864,0.683030,0.677273
821.000000,0.681818,0.679091,0.678409,0.682273,0.672727
822.000000,0.680455,0.678409,0.678182,0.681439,0.670455
823.000000,0.676364,0.677727,0.677955,0.680606,0.670455
824.000000,0.672273,0.677273,0.677159,0.679848,0.670455
825.000000,0.671364,0.677045,0.676705,0.679167,0.672727
826.000000,0.671364,0.676591,0.676477,0.678561,0.672727
827.000000,0.671818,0.676136,0.676250,0.677955,0.672727
828.000000,0.672273,0.674318,0.675909,0.677500,0.672727
829.000000,0.673182,0.672727,0.675795,0.677045,0.675000
830.000000,0.673636,0.672500,0.676023,0.676742,0.675000
831.000000,0.674091,0.672727,0.675909,0.676515,0.675000
832.000000,0.674545,0.673182,0.675795,0.676515,0.675000
833.000000,0.675000,0.673636,0.675682,0.676515,0.675000
834.000000,0.675000,0.674091,0.675682,0.676136,0.675000
835.000000,0.675000,0.674318,0.675682,0.675909,0.675000
836.000000,0.675000,0.674545,0.675568,0.675833,0.675000
837.000000,0.675000,0.674773,0.675455,0.675758,0.675000
838.000000,0.675000,0.675000,0.674659,0.675606,0.675000
839.000000,0.675000,0.675000,0.673864,0.675530,0.675000
840.000000,0.675000,0.675000,0.673750,0.675682,0.675000
841.000000,0.676364,0.675682,0.674205,0.675833,0.681818
842.000000,0.678636,0.676818,0.675000,0.676136,0.686364
843.000000,0.678182,0.676591,0.675114,0.675985,0.672727
844.000000,0.676364,0.675682,0.674886,0.675682,0.665909
845.000000,0.675000,0.675000,0.674659,0.675455,0.668182
846.000000,0.672273,0.674318,0.674432,0.675152,0.668182
847.000000,0.668182,0.673409,0.674091,0.674773,0.665909
848.000000,0.665455,0.671818,0.673409,0.673712,0.659091
849.000000,0.662273,0.669318,0.672159,0.672348,0.650000
850.000000,0.658636,0.666818,0.670909,0.671439,0.650000
851.000000,0.654091,0.663182,0.669432,0.670530,0.645455
852.000000,0.650000,0.659091,0.667955,0.669697,0.645455
853.000000,0.644545,0.655000,0.665795,0.668409,0.631818
854.000000,0.640909,0.651591,0.663636,0.667121,0.631818
855.000000,0.635455,0.647045,0.661023,0.665455,0.622727
856.000000,0.630000,0.642045,0.658182,0.663636,0.618182
857.000000,0.623636,0.636818,0.655114,0.661667,0.613636
858.000000,0.624091,0.634318,0.653068,0.660379,0.634091
859.000000,0.624091,0.632500,0.650909,0.658939,0.631818
860.000000,0.625000,0.630227,0.648523,0.657348,0.627273
861.000000,0.625909,0.627955,0.645568,0.655606,0.622727
862.000000,0.628182,0.625909,0.642500,0.653939,0.625000
863.000000,0.626364,0.625227,0.640114,0.652273,0.625000
864.000000,0.625000,0.624545,0.638068,0.650606,0.625000
865.000000,0.630909,0.627955,0.637500,0.650000,0.656818
866.000000,0.636364,0.631136,0.636591,0.649167,0.650000
867.000000,0.642727,0.635455,0.636136,0.648561,0.656818
868.000000,0.649545,0.637955,0.636136,0.648030,0.659091
869.000000,0.658636,0.641818,0.637159,0.647879,0.670455
870.000000,0.660455,0.645682,0.637955,0.647576,0.665909
871.000000,0.660909,0.648636,0.638295,0.646591,0.652273
872.000000,0.654091,0.648409,0.637159,0.644470,0.622727
873.000000,0.645000,0.647273,0.636250,0.642500,0.613636
874.000000,0.633636,0.646136,0.635341,0.640758,0.613636
875.000000,0.623182,0.641818,0.634886,0.638939,0.613636
876.000000,0.615455,0.638182,0.634659,0.637121,0.613636
877.000000,0.613182,0.633636,0.634545,0.635303,0.611364
878.000000,0.612727,0.628864,0.633409,0.633712,0.611364
879.000000,0.612955,0.623295,0.632557,0.632538,0.614773
880.000000,0.608409,0.615795,0.630739,0.630568,0.590909
881.000000,0.597500,0.606477,0.627557,0.627689,0.559091
882.000000,0.587955,0.600568,0.624489,0.624962,0.563636
883.000000,0.576591,0.594659,0.620966,0.622386,0.554545
884.000000,0.564545,0.588750,0.617443,0.619811,0.554545
885.000000,0.556818,0.582614,0.612216,0.617462,0.552273
886.000000,0.554545,0.576023,0.607102,0.615114,0.547727
887.000000,0.551364,0.569659,0.601648,0.612917,0.547727
888.000000,0.546818,0.561705,0.595284,0.609508,0.531818
889.000000,0.535909,0.550227,0.586761,0.605114,0.500000
890.000000,0.525909,0.541364,0.578580,0.600947,0.502273
891.000000,0.515455,0.535000,0.570739,0.596705,0.495455
892.000000,0.505455,0.528409,0.564489,0.592462,0.497727
893.000000,0.498636,0.522727,0.558693,0.588220,0.497727
894.000000,0.498182,0.517045,0.552898,0.583977,0.497727
895.000000,0.497273,0.511591,0.547102,0.578674,0.497727
896.000000,0.497727,0.506591,0.541307,0.573598,0.497727
897.000000,0.497727,0.501591,0.535625,0.568295,0.497727
898.000000,0.496818,0.497727,0.529716,0.562765,0.493182
899.000000,0.495909,0.497045,0.523636,0.556856,0.493182
900.000000,0.498636,0.497955,0.519659,0.551705,0.511364
901.000000,0.501818,0.499773,0.517386,0.547083,0.513636
902.000000,0.505000,0.501364,0.514886,0.543447,0.513636
903.000000,0.509091,0.502955,0.512841,0.540114,0.513636
904.000000,0.513182,0.504545,0.510795,0.536780,0.513636
905.000000,0.513636,0.506136,0.508864,0.533447,0.513636
906.000000,0.514545,0.508182,0.507386,0.530265,0.518182
907.000000,0.512727,0.508864,0.505227,0.526705,0.504545
908.000000,0.510909,0.510000,0.503864,0.523144,0.504545
909.000000,0.513636,0.513409,0.505227,0.520227,0.527273
910.000000,0.530909,0.522273,0.510114,0.520530,0.600000
911.000000,0.557273,0.535909,0.517841,0.523561,0.650000
912.000000,0.585455,0.549091,0.525227,0.526288,0.645455
913.000000,0.610000,0.560455,0.531705,0.528712,0.627273
914.000000,0.628182,0.570909,0.537727,0.530833,0.618182
915.000000,0.633182,0.582045,0.544091,0.533258,0.625000
916.000000,0.632273,0.594773,0.551477,0.536515,0.645455
917.000000,0.633636,0.609545,0.559205,0.540000,0.652273
918.000000,0.639545,0.624773,0.567386,0.544167,0.656818
919.000000,0.645000,0.636591,0.575000,0.549015,0.645455
920.000000,0.648636,0.640909,0.581591,0.553712,0.643182
921.000000,0.644545,0.638409,0.587159,0.558030,0.625000
922.000000,0.639091,0.636364,0.592727,0.562273,0.625000
923.000000,0.634545,0.637045,0.598750,0.566818,0.634091
924.000000,0.631818,0.638409,0.604659,0.571288,0.631818
925.000000,0.630455,0.639545,0.610795,0.575909,0.636364
926.000000,0.631818,0.638182,0.616477,0.580379,0.631818
927.000000,0.634091,0.636591,0.623068,0.585000,0.636364
928.000000,0.634545,0.634545,0.629659,0.589773,0.636364
929.000000,0.635455,0.633636,0.635114,0.594545,0.636364
930.000000,0.635455,0.632955,0.636932,0.598712,0.636364
931.000000,0.636364,0.634091,0.636250,0.602803,0.636364
932.000000,0.635455,0.634773,0.635568,0.606742,0.631818
933.000000,0.634545,0.634545,0.635795,0.610682,0.631818
934.000000,0.630909,0.633182,0.635795,0.614167,0.618182
935.000000,0.622727,0.629091,0.634318,0.616894,0.595455
936.000000,0.612273,0.624318,0.631250,0.619091,0.584091
937.000000,0.601818,0.618636,0.627614,0.621591,0.579545
938.000000,0.593636,0.614091,0.624318,0.624470,0.590909
939.000000,0.588182,0.609545,0.621591,0.626591,0.590909
940.000000,0.586364,0.604545,0.618750,0.626136,0.586364
941.000000,0.585000,0.598636,0.616364,0.623712,0.577273
942.000000,0.583182,0.592500,0.613636,0.621212,0.570455
943.000000,0.578182,0.585909,0.610227,0.619167,0.565909
944.000000,0.572273,0.580227,0.606705,0.617273,0.561364
945.000000,0.567273,0.576818,0.602955,0.615152,0.561364
946.000000,0.561364,0.573182,0.598750,0.611894,0.547727
947.000000,0.558182,0.570682,0.594659,0.608636,0.554545
948.000000,0.556364,0.567273,0.590682,0.605303,0.556818
949.000000,0.554091,0.563182,0.586364,0.602121,0.550000
950.000000,0.551818,0.559545,0.582045,0.599015,0.550000
951.000000,0.552273,0.556818,0.577727,0.596515,0.550000
952.000000,0.551364,0.554773,0.573636,0.594015,0.550000
953.000000,0.550000,0.553182,0.569545,0.591212,0.550000
954.000000,0.550000,0.552045,0.566136,0.588485,0.550000
955.000000,0.550000,0.550909,0.563864,0.585606,0.550000
956.000000,0.550000,0.551136,0.562159,0.582879,0.550000
957.000000,0.550000,0.550682,0.560682,0.580000,0.550000
958.000000,0.550000,0.550000,0.558636,0.577121,0.550000
959.000000,0.550000,0.550000,0.556591,0.574242,0.550000
960.000000,0.550000,0.550000,0.554773,0.571364,0.550000
961.000000,0.549091,0.549545,0.553182,0.568333,0.545455
962.000000,0.548182,0.549091,0.551932,0.565455,0.545455
963.000000,0.548182,0.549091,0.551136,0.562727,0.550000
964.000000,0.547273,0.548636,0.550341,0.560303,0.545455
965.000000,0.551364,0.550682,0.550795,0.559470,0.570455
966.000000,0.555455,0.552273,0.551705,0.558864,0.565909
967.000000,0.560909,0.554545,0.552614,0.558636,0.572727
968.000000,0.565455,0.556818,0.553409,0.558030,0.572727
969.000000,0.570909,0.559091,0.554545,0.557424,0.572727
970.000000,0.572727,0.562045,0.556023,0.557197,0.579545
971.000000,0.577727,0.566591,0.558068,0.557652,0.590909
972.000000,0.578636,0.569773,0.559432,0.557879,0.577273
973.000000,0.579545,0.572500,0.560795,0.558258,0.577273
974.000000,0.580455,0.575682,0.562159,0.558788,0.577273
975.000000,0.580000,0.576364,0.563523,0.559318,0.577273
976.000000,0.576818,0.577273,0.564773,0.560227,0.575000
977.000000,0.574545,0.576591,0.565568,0.560606,0.565909
978.000000,0.572273,0.575909,0.566364,0.560909,0.565909
979.000000,0.570455,0.575455,0.567273,0.561515,0.568182
980.000000,0.571364,0.575682,0.568864,0.562576,0.581818
981.000000,0.578182,0.577500,0.572045,0.564545,0.609091
982.000000,0.590909,0.582727,0.576250,0.567197,0.629545
983.000000,0.602273,0.587273,0.579886,0.569621,0.622727
984.000000,0.612273,0.591364,0.583523,0.571894,0.618182
985.000000,0.619545,0.595455,0.585909,0.574167,0.618182
986.000000,0.621364,0.599773,0.588523,0.576439,0.618182
987.000000,0.619091,0.605000,0.590795,0.578712,0.618182
988.000000,0.618182,0.610227,0.593068,0.580985,0.618182
989.000000,0.619545,0.615909,0.595682,0.583485,0.625000
990.000000,0.622273,0.620909,0.598295,0.586212,0.631818
991.000000,0.622273,0.621818,0.599659,0.588636,0.618182
992.000000,0.622273,0.620682,0.601705,0.591061,0.618182
993.000000,0.619091,0.618636,0.602955,0.592803,0.602273
994.000000,0.614545,0.617045,0.604205,0.594697,0.602273
995.000000,0.611818,0.617045,0.606250,0.596288,0.618182
996.000000,0.609091,0.615682,0.607727,0.597576,0.604545
997.000000,0.606364,0.614318,0.609659,0.598636,0.604545
998.000000,0.606818,0.612955,0.611591,0.599697,0.604545
999.000000,0.607273,0.610909,0.613409,0.600758,0.604545
1000.000000,0.600455,0.606136,0.613523,0.600909,0.584091
1001.000000,0.595455,0.602273,0.612045,0.600530,0.579545
1002.000000,0.590909,0.598636,0.609659,0.600682,0.581818
1003.000000,0.588182,0.597500,0.608068,0.601136,0.590909
1004.000000,0.583636,0.595455,0.606250,0.601288,0.581818
1005.000000,0.583182,0.591818,0.604432,0.601439,0.581818
1006.000000,0.581818,0.588636,0.602159,0.601364,0.572727
1007.000000,0.578182,0.584545,0.599432,0.601288,0.563636
1008.000000,0.571818,0.580000,0.596477,0.601061,0.559091
1009.000000,0.565000,0.574318,0.592614,0.600379,0.547727
1010.000000,0.559091,0.571136,0.588636,0.599394,0.552273
1011.000000,0.557273,0.569545,0.585909,0.597879,0.563636
1012.000000,0.558182,0.568182,0.583409,0.595833,0.568182
1013.000000,0.560000,0.565909,0.581705,0.594015,0.568182
1014.000000,0.565909,0.565455,0.580455,0.592652,0.577273
1015.000000,0.570909,0.565000,0.578409,0.591288,0.577273
1016.000000,0.571818,0.564545,0.576591,0.589621,0.568182
1017.000000,0.571364,0.564773,0.574659,0.587879,0.565909
1018.000000,0.570909,0.565455,0.572727,0.586136,0.565909
1019.000000,0.570909,0.568409,0.571364,0.584545,0.577273
1020.000000,0.570000,0.570455,0.570795,0.582576,0.572727
1021.000000,0.569545,0.570682,0.570114,0.580833,0.565909
1022.000000,0.569545,0.570455,0.569318,0.579091,0.565909
1023.000000,0.568182,0.569545,0.567727,0.577652,0.559091
1024.000000,0.564545,0.567727,0.566591,0.576212,0.559091
1025.000000,0.561364,0.565682,0.565341,0.574167,0.556818
1026.000000,0.561364,0.565455,0.565000,0.572879,0.565909
1027.000000,0.561364,0.565455,0.565114,0.571591,0.565909
1028.000000,0.561818,0.565000,0.565227,0.570152,0.561364
1029.000000,0.564091,0.564318,0.566364,0.569015,0.570455
1030.000000,0.556364,0.558864,0.564659,0.566818,0.518182
1031.000000,0.545909,0.553636,0.562159,0.564621,0.513636
1032.000000,0.528182,0.544773,0.557614,0.561136,0.477273
1033.000000,0.514545,0.538182,0.553864,0.557879,0.493182
1034.000000,0.497727,0.530909,0.549318,0.554697,0.486364
1035.000000,0.491364,0.523864,0.544773,0.551515,0.486364
1036.000000,0.491591,0.518750,0.542102,0.549583,0.514773
1037.000000,0.498864,0.513523,0.539489,0.547917,0.513636
1038.000000,0.502500,0.508523,0.536761,0.546326,0.511364
1039.000000,0.508864,0.503295,0.533807,0.545341,0.518182
1040.000000,0.513864,0.502614,0.530739,0.543977,0.511364
1041.000000,0.513636,0.502614,0.528125,0.542311,0.513636
1042.000000,0.514545,0.506705,0.525739,0.540644,0.518182
1043.000000,0.515909,0.509205,0.523693,0.538977,0.518182
1044.000000,0.515455,0.512159,0.521534,0.536932,0.515909
1045.000000,0.515909,0.514886,0.519375,0.534811,0.513636
1046.000000,0.513636,0.513636,0.516193,0.532614,0.502273
1047.000000,0.508636,0.511591,0.512557,0.530189,0.493182
1048.000000,0.502727,0.509318,0.508920,0.527614,0.488636
1049.000000,0.497727,0.506591,0.504943,0.524735,0.490909
1050.000000,0.493182,0.504545,0.503580,0.522008,0.490909
1051.000000,0.490455,0.502045,0.502330,0.519432,0.488636
1052.000000,0.488182,0.498409,0.502557,0.516629,0.481818
1053.000000,0.482727,0.492727,0.500966,0.513371,0.461364
1054.000000,0.474091,0.485909,0.499034,0.509659,0.447727
1055.000000,0.463409,0.478295,0.496591,0.505682,0.437500
1056.000000,0.452955,0.471705,0.492670,0.501364,0.436364
1057.000000,0.449773,0.468977,0.490284,0.498030,0.465909
1058.000000,0.450227,0.466477,0.487898,0.494773,0.463636
1059.000000,0.455682,0.464886,0.485739,0.491591,0.475000
1060.000000,0.458636,0.461023,0.482784,0.489394,0.452273
1061.000000,0.461818,0.457386,0.479716,0.487348,0.452273
1062.000000,0.459545,0.454659,0.476534,0.486591,0.454545
1063.000000,0.463182,0.456705,0.474716,0.486212,0.481818
1064.000000,0.466364,0.461023,0.473466,0.486364,0.490909
1065.000000,0.473636,0.466136,0.472216,0.486439,0.488636
1066.000000,0.479091,0.470455,0.471080,0.485265,0.479545
1067.000000,0.482727,0.471136,0.470057,0.483902,0.472727
1068.000000,0.480455,0.471818,0.469148,0.482538,0.470455
1069.000000,0.474545,0.470455,0.467670,0.480644,0.461364
1070.000000,0.468636,0.471136,0.466080,0.478902,0.459091
1071.000000,0.464545,0.471818,0.464602,0.477083,0.459091
1072.000000,0.460909,0.471818,0.463239,0.474962,0.454545
1073.000000,0.458182,0.469318,0.463011,0.472917,0.456818
1074.000000,0.455455,0.465000,0.463011,0.470644,0.447727
1075.000000,0.454091,0.461364,0.463750,0.468598,0.452273
1076.000000,0.452727,0.458636,0.464545,0.466932,0.452273
1077.000000,0.452273,0.456591,0.463864,0.465568,0.452273
1078.000000,0.450455,0.454318,0.463068,0.464205,0.447727
1079.000000,0.450000,0.452727,0.461591,0.462689,0.445455
1080.000000,0.447273,0.450682,0.460909,0.460947,0.438636
1081.000000,0.444545,0.448636,0.460227,0.459280,0.438636
1082.000000,0.441364,0.446818,0.459318,0.457765,0.436364
1083.000000,0.439091,0.444773,0.457045,0.456932,0.436364
1084.000000,0.437273,0.443636,0.454318,0.456553,0.436364
1085.000000,0.436818,0.442045,0.451705,0.456515,0.436364
1086.000000,0.436364,0.440455,0.449545,0.456515,0.436364
1087.000000,0.438182,0.439773,0.448182,0.455833,0.445455
1088.000000,0.438636,0.438864,0.446591,0.455000,0.438636
1089.000000,0.439091,0.438182,0.445455,0.453788,0.438636
1090.000000,0.438636,0.437727,0.444205,0.453182,0.434091
1091.000000,0.437727,0.437045,0.442841,0.452500,0.431818
1092.000000,0.434091,0.436136,0.441477,0.451591,0.427273
1093.000000,0.431364,0.435000,0.439886,0.449697,0.425000
1094.000000,0.430000,0.434545,0.439091,0.447727,0.431818
1095.000000,0.429091,0.433864,0.437955,0.445758,0.429545
1096.000000,0.427727,0.432727,0.436591,0.443939,0.425000
1097.000000,0.425909,0.430000,0.434886,0.442121,0.418182
1098.000000,0.426364,0.428864,0.433864,0.440682,0.427273
1099.000000,0.424091,0.427045,0.432614,0.439318,0.420455
1100.000000,0.422273,0.425682,0.431705,0.438030,0.420455
1101.000000,0.419545,0.423636,0.430341,0.436439,0.411364
1102.000000,0.414545,0.420227,0.428182,0.434394,0.393182
1103.000000,0.406364,0.416364,0.425682,0.432045,0.386364
1104.000000,0.397727,0.410909,0.422727,0.429697,0.377273
1105.000000,0.390909,0.406591,0.420227,0.427500,0.386364
1106.000000,0.386364,0.402955,0.417841,0.425379,0.388636
1107.000000,0.385000,0.399773,0.414886,0.423182,0.386364
1108.000000,0.382727,0.394545,0.411705,0.420758,0.375000
1109.000000,0.381364,0.389545,0.408295,0.418258,0.370455
1110.000000,0.379091,0.385000,0.405341,0.416136,0.375000
1111.000000,0.376818,0.381591,0.402614,0.414091,0.377273
1112.000000,0.373409,0.379205,0.399716,0.411856,0.369318
1113.000000,0.372500,0.377614,0.396989,0.409659,0.370455
1114.000000,0.373409,0.377386,0.394148,0.407614,0.375000
1115.000000,0.377045,0.378068,0.392330,0.406174,0.393182
1116.000000,0.379773,0.378295,0.390625,0.404659,0.390909
1117.000000,0.383182,0.378295,0.389034,0.402689,0.386364
1118.000000,0.382273,0.377386,0.385966,0.400265,0.365909
1119.000000,0.379545,0.376477,0.383011,0.397689,0.361364
1120.000000,0.373182,0.375114,0.380057,0.395265,0.361364
1121.000000,0.368636,0.374205,0.377898,0.393144,0.368182
1122.000000,0.367727,0.375455,0.377330,0.391629,0.381818
1123.000000,0.377273,0.379773,0.378693,0.391250,0.413636
1124.000000,0.390000,0.384773,0.381080,0.391023,0.425000
1125.000000,0.405000,0.389091,0.383580,0.391250,0.436364
1126.000000,0.416818,0.392727,0.385511,0.391326,0.427273
1127.000000,0.425000,0.396364,0.387330,0.391477,0.422727
1128.000000,0.427727,0.402500,0.389943,0.391477,0.427273
1129.000000,0.428182,0.409091,0.392784,0.391705,0.427273
1130.000000,0.428182,0.416591,0.395852,0.392235,0.436364
1131.000000,0.430909,0.423864,0.399034,0.393220,0.440909
1132.000000,0.433636,0.429318,0.402386,0.394659,0.436364
1133.000000,0.433636,0.430682,0.405227,0.396023,0.427273
1134.000000,0.432500,0.430341,0.407557,0.397500,0.421591
1135.000000,0.430682,0.429432,0.409261,0.398864,0.427273
1136.000000,0.428864,0.429886,0.411307,0.400303,0.431818
1137.000000,0.427955,0.430795,0.413580,0.401818,0.431818
1138.000000,0.428409,0.431023,0.416761,0.403636,0.429545
1139.000000,0.430000,0.431250,0.420170,0.405606,0.429545
1140.000000,0.430000,0.430341,0.423466,0.407348,0.427273
1141.000000,0.429091,0.428977,0.426420,0.409015,0.427273
1142.000000,0.427273,0.427614,0.428466,0.410795,0.422727
1143.000000,0.425909,0.427159,0.428920,0.412538,0.422727
1144.000000,0.424545,0.427273,0.428807,0.414129,0.422727
1145.000000,0.423636,0.426818,0.428125,0.415114,0.422727
1146.000000,0.422727,0.425909,0.427898,0.416174,0.422727
1147.000000,0.423636,0.425455,0.428125,0.417538,0.427273
1148.000000,0.424545,0.425227,0.428125,0.419583,0.427273
1149.000000,0.425455,0.425000,0.428125,0.421780,0.427273
1150.000000,0.426364,0.425000,0.427670,0.423977,0.427273
1151.000000,0.426364,0.424545,0.426761,0.425795,0.422727
1152.000000,0.425455,0.424545,0.426080,0.427159,0.422727
1153.000000,0.424545,0.424545,0.425852,0.427462,0.422727
1154.000000,0.421818,0.423636,0.425455,0.427083,0.413636
1155.000000,0.418182,0.422273,0.424545,0.426174,0.409091
1156.000000,0.415455,0.420909,0.423409,0.425568,0.409091
1157.000000,0.412727,0.419091,0.422273,0.425114,0.409091
1158.000000,0.405455,0.415000,0.420114,0.423750,0.386364
1159.000000,0.400000,0.410909,0.417955,0.422386,0.386364
1160.000000,0.395000,0.406591,0.415795,0.420644,0.384091
1161.000000,0.389091,0.402273,0.413409,0.418598,0.379545
1162.000000,0.384091,0.398409,0.411477,0.416856,0.384091
1163.000000,0.383636,0.394545,0.409545,0.415417,0.384091
1164.000000,0.383182,0.391591,0.407614,0.414167,0.384091
1165.000000,0.383182,0.389091,0.405682,0.412727,0.384091
1166.000000,0.384091,0.386591,0.403750,0.411136,0.384091
1167.000000,0.383182,0.383636,0.401364,0.409394,0.379545
1168.000000,0.382273,0.382955,0.398977,0.407727,0.379545
1169.000000,0.381364,0.382273,0.396591,0.406061,0.379545
1170.000000,0.381364,0.382273,0.394432,0.404621,0.384091
1171.000000,0.381818,0.382955,0.392614,0.403258,0.386364
1172.000000,0.383182,0.383182,0.390795,0.402045,0.386364
1173.000000,0.384545,0.383409,0.388977,0.400833,0.386364
1174.000000,0.385909,0.383636,0.387614,0.399621,0.386364
1175.000000,0.385909,0.383636,0.386364,0.398333,0.384091
1176.000000,0.385455,0.383636,0.385114,0.397045,0.384091
1177.000000,0.385000,0.384091,0.383864,0.395606,0.384091
1178.000000,0.384545,0.384545,0.383750,0.394167,0.384091
1179.000000,0.365227,0.375568,0.378920,0.389583,0.289773
1180.000000,0.345909,0.365909,0.374091,0.384924,0.287500
1181.000000,0.324545,0.355000,0.368977,0.380076,0.277273
1182.000000,0.297727,0.341364,0.362273,0.374318,0.250000
1183.000000,0.268182,0.326364,0.354886,0.368106,0.236364
1184.000000,0.257955,0.311591,0.347614,0.362273,0.238636
1185.000000,0.248182,0.297045,0.340341,0.356591,0.238636
1186.000000,0.242273,0.283409,0.333523,0.351212,0.247727
1187.000000,0.244545,0.271136,0.327614,0.346288,0.261364
1188.000000,0.249545,0.258864,0.321705,0.342121,0.261364
1189.000000,0.251364,0.254659,0.315114,0.337500,0.247727
1190.000000,0.251364,0.249773,0.307841,0.332652,0.238636
1191.000000,0.248636,0.245455,0.300227,0.327803,0.234091
1192.000000,0.241364,0.242955,0.292159,0.322500,0.225000
1193.000000,0.233864,0.241705,0.284034,0.317159,0.223864
1194.000000,0.225682,0.238523,0.275057,0.311250,0.206818
1195.000000,0.218409,0.234886,0.265966,0.305189,0.202273
1196.000000,0.213864,0.231250,0.257330,0.299432,0.211364
1197.000000,0.209773,0.225568,0.248352,0.293598,0.204545
1198.000000,0.205455,0.219659,0.239261,0.287689,0.202273
1199.000000,0.205455,0.215568,0.235114,0.281932,0.206818
1200.000000,0.207727,0.213068,0.231420,0.276250,0.213636
1201.000000,0.209545,0.211705,0.228580,0.270720,0.220455
1202.000000,0.213864,0.211818,0.227386,0.265379,0.226136
1203.000000,0.225682,0.215568,0.228636,0.261212,0.261364
1204.000000,0.236591,0.221023,0.229773,0.257045,0.261364
1205.000000,0.247500,0.227614,0.231250,0.253182,0.268182
1206.000000,0.257045,0.233295,0.232273,0.249318,0.268182
1207.000000,0.272273,0.243068,0.234318,0.246591,0.302273
1208.000000,0.279091,0.252386,0.236023,0.243636,0.295455
1209.000000,0.285455,0.261023,0.238295,0.243750,0.293182
1210.000000,0.287273,0.267386,0.240227,0.243409,0.277273
1211.000000,0.287045,0.272045,0.241875,0.243068,0.267045
1212.000000,0.282273,0.277273,0.244545,0.244015,0.278409
1213.000000,0.275909,0.277500,0.246534,0.244924,0.263636
1214.000000,0.270909,0.278182,0.249602,0.245909,0.268182
1215.000000,0.267727,0.277500,0.252557,0.246667,0.261364
1216.000000,0.266136,0.276591,0.254943,0.247045,0.259091
1217.000000,0.262273,0.272273,0.257670,0.246970,0.259091
1218.000000,0.259545,0.267727,0.260057,0.246591,0.250000
1219.000000,0.256591,0.263750,0.262386,0.246780,0.253409
1220.000000,0.255682,0.261705,0.264545,0.247386,0.256818
1221.000000,0.253409,0.259773,0.265909,0.247841,0.247727
1222.000000,0.252500,0.257386,0.267330,0.248826,0.254545
1223.000000,0.253864,0.256705,0.267102,0.249924,0.256818
